#線上課程 #線上英文 #英文文法 【基礎文法，任督二脈快易通！】,MYxV17AbxuQ
【12小時 打造基礎文法核心力】英文文法學習技巧大公開  ft. 賴世雄、Lily、Chris、黃玟君,Yx_aVvqZu-c
【文法基礎篇】Be Verb｜Be動詞的用法秘笈｜15分鐘精華解析｜Boro English,DGd9DmJ94ek
【文法基礎篇】Eight Parts of Speech｜八大詞類輕鬆學｜Boro English,BE37wrnECYY
【文法基礎篇】Sentence Structure｜五大句型輕鬆學｜英文基礎文法結構｜Boro English,mRkghwTQJrY
【文法基礎篇】Sentence Structure｜利用五大句型練習造句｜英文基礎文法結構｜ Boro English,c36LXoLv90g
【名師到你家】秒殺英文文法_others用法,B2rQ3Qb1UrU
【名師到你家】秒殺英文文法_to的用法,ME0OFbnKRLQ
【名師到你家】秒殺英文文法_完成式,AXhbhljLITQ
【好想講英文】文法這樣學 #1 -- 文法令人崩潰? 不用怕，幾個邏輯幫你整理好,j1MwH5b_ZNM
【英文文法不用怕 ? 初級 1-1】詞性 (Part of Speech) 的意義 (上),2EE9JZBzsmo
【基礎英文文法第一課】7分鐘學會5大句型，想重新學英文? 從這裡開始就對了!,iMuouwGxdP8
【練文法】 #1天哪！英文文法到底該怎麼學?! // 淺談句子基本結構,TWKHITWUAnk
12時態懶人包！簡單式/進行式/完成式/完成進行式全部一起搞懂！英文文法大解析！,tw9KEQLokjo
6分鐘搞懂全部代名詞！英文文法：人稱代名詞，第三人稱單數的概念,0Cjcuy8hDKs
6種必學other延伸用法【英文文法：others下集】Ricky//英語小蛋糕 | English Grammar: other/another,vf44JcgCreg
一????清整?英??法体系(重塑你的?法?知框架),is7vn5URVcc
一次搞懂英文「冠詞」A / An / The（定冠詞/不定冠詞）,7TjOxnsvupE
七個介系詞一次搞懂！英文文法：地方介系詞 (2),tCZKeSDYvbE
不用背規則!? 這支影片會讓你對英文文法改觀! feat. 旋元佑老師,bou9Ij7jRUE
多益句型超愛考！使役動詞、感官動詞【英文文法：五大句型（下）】Ricky//英語小蛋糕 | English Grammar : Sentence Patterns ep2,bvpDtHio_So
如何從零開始學英文 ?? 心態與資源分享?? // Chen Lily,LoJzYZZ_hvk
快速理解內容字詞性：名詞、形容詞、動詞、副詞｜英文文法從0開始更新試閱3,lcYcYMnnMw8
來一次搞懂「假設語氣」！英文文法懶人包！Subjunctive Mood,33viHBBcHdk
阿滴教文法#1【片語動詞】 // Understanding Phrasal Verbs,7SWdFnHHNKE
阿滴教文法#2【完成式】 // Understanding Perfect Tenses,7sXGfQ6R6nc
阿滴教文法#5【動名詞】// Understanding Gerunds,PGfok91i100
秒判斷秘訣 when跟while要用哪個?【英文文法：連接詞when/while】Ricky//英語小蛋糕 | Ricky English Grammar,cItUXkCDS9k
英文文法 - 五大基本句型,x1YcLuKGamw
英文文法 - 五大基本句型 - Exercise 01,_RNHZTOL4aQ
英文文法 【分詞片語 秒懂 3 大重點】Ricky//英語小蛋糕,sS9AYzqT5eI
英文文法 【分詞構句 必懂 3 大重點】Ricky//英語小蛋糕,veSh_gzRiOY
英文文法 【關係代名詞 必懂 ! 3 大重點】Ricky//英語小蛋糕,QrMkZZ7HoX8
英文文法 【倒裝句必懂 3 大句型】Ricky//英語小蛋糕,Wj7iIb65gE
英文文法 五大句型 part 1,mDxP_gxsnZ0
英文文法：who 句型,cKb2VM8xA_8
英文文法：可數名詞與不可數名詞,97HAj9qvu_M
英文文法：助動詞過去式,vmDS_05IwVg
英文文法：英文基本概念(上),FIcBCuWMHCM
英文文法_  一張圖表告訴您該如何使用各種英文文法時態,T0ljuEUmz18
英文文法【名詞子句（上）】Ricky//英語小蛋糕 | English Grammar: Noun Claude ep1,e_fzzCnJ_go
英文文法大破解！(第10集) 動詞時態｜English Grammar: Verb Tenses #雪薇英文,0x62L970l0c
英文文法大破解！(第11集) (句型)越...就越...｜Sentence Patterns: the more... the better... #雪薇英文,uZqWpTzb448
英文文法大破解！(第13集) 假設語氣(與過去事實相反)｜English Grammar: Subjunctive Mood #雪薇英文,ZO_laMY75dc
"英文文法大破解！(第14集) 使役動詞 make/ have/ let｜How to Use&#39; make,  have,  let&#39; #雪薇英文",lLwT_qZ7KQc
英文文法大破解！(第16集) 句型「間接要命」(建議、堅持、要求、命令)｜English Grammar:   suggest / insist / demand / recommend  #雪薇英文,Wqyh8EOCHWo
英文文法大破解！(第19集) 介系詞｜Prepositions #雪薇英文,PICy8bzAhPo
英文文法大破解！(第20集) 助動詞｜Auxiliary Verbs #雪薇英文 #好家在我在家,VsVGM-dGb00
英文文法大破解！(第4集) 連接詞｜English Grammar: Conjunctions #雪薇英文,ndSVytdnUMM
"英文文法大破解！(第5集) 關係代名詞、形容詞子句｜English Grammar: Relative Pronouns,  Relative Clauses #雪薇英文",t5CYkUxwFiw
英文文法大破解！(第6集) 比較級和倍數｜English Grammar: Comparatives #雪薇英文,B47sZEo-lDk
英文文法大破解！(第9集) 名詞子句當受詞｜English Grammar: Noun Clauses #雪薇英文,spirMlNXDW4
英文文法-分詞-03分詞的主動與被動,_OjKSSA92Pw
英文文法要學嗎？真的重要嗎？,7dPHWNifkIk
英文文法從0開始課程介紹｜更新搶先試閱1,6EDM4hMQPRE
英文文法教學｜英文文法【現在完成式】｜如何從零開始到精通現在完成式?—高嫚英文教學,apG0MarLWJo
英文文法教學精華！一次讓你搞懂12個英文時態｜巨匠美語Live講堂,G2OzWiuXAEk
英文文法與修辭（一）（商專） 第1講,yQ8b4H52tuQ
英文基礎文法 95 - Be動詞用法 (English Basic Grammar - Using Be Verbs),FmjS42R1uF8
英文教學｜一次學完十六種時態｜20分鐘內學完十六種英文時態｜16 English Tenses,HXDIL9AvO4I
高國華老師全民英文文法寶典第一回(1)~內容精彩!! 經典再現!!,oR5OG7Zdy_I
假設語氣(一) - 高中英文文法 | Rays老師,RHqbBFODmPU
動詞時態(一) - 高中英文文法 | Rays老師,d1It_3jA8FU
國營英文必考！英文文法(1) | English Grammar: Despite vs. Although |  #雪薇英文 #公職女王,9vjUPUEK_4M
基礎英文入門－國中英語南一版第一課文法－大和日語何必博士,fYfIVPkfQn8
基礎英文文法－Lesson 32《助動詞do/does》,2YM0iKW2WcE
速速辨認！other/others傻傻分不清？【英文文法（上）】Ricky//英語小蛋糕 | English Grammar: other/another,hFVtDdE77OU
連接詞(二) - 高中英文文法 | Rays老師,DY2JlN0kpTk
提升閱讀能力，不再怕基礎句型【英文文法：五大句型（上）】Ricky//英語小蛋糕 | English Grammar : Sentence Patterns ep1,MvyB15Lddbg
謝孟媛 初級文法 01,LXZoSQDj0pA
還再說中文式英文？22個台灣人比較常犯的英文用詞、文法錯誤！,IelOAtachHM
